composition,Tc_sim
Ba0.12Ca0.18La0.7Mn1O3,298.0
Ba0.15Ca0.2La0.6Mn1O3,295.0
Ba0.15La0.65Mn1O3,288.0
Ba0.1Ca0.2La0.7Mn1O3,280.0
Ba0.1Sr0.1Pr0.75Ti0.04Mn0.96Bi0.05O3,275.0
Ba0.1Sr0.2Pr0.7Mn1O3,232.7
Ba0.22Sr0.11La0.67Mn0.9Fe0.1O3,230.0
Ba0.22Sr0.11La0.67Mn1O3,303.0
Ba0.24Ca0.06La0.7Mn1O3,320.0
Ba0.25La0.7Nd0.05Mn0.93Cu0.07O3,229.0
Ba0.25La0.7Nd0.05Mn0.95Cu0.05O3,258.0
Ba0.25La0.7Nd0.05Mn0.97Cu0.03O3,275.0
Ba0.25La0.7Nd0.05Mn1O3,302.0
Ba0.2Ca0.15La0.6Mn1O3,202.0
Ba0.2La0.8Mn0.8Fe0.2O3,125.0
Ba0.2La0.8Mn0.9Fe0.1O3,193.0
Ba0.2La0.8Mn1O3,295.0
Ba0.2Sr0.2La0.6Mn1O3,354.0
Ba0.33La0.67Mn0.85Sn0.15O3,288.0
Ba0.33La0.67Mn0.95Fe0.05O3,271.0
Ba0.33La0.67Mn0.9Cr0.1O3,324.0
Ba0.33La0.67Mn1O3,299.0
Ba0.33La0.67Ti0.02Mn0.98O3,310.0
Ba0.33Nd0.67Mn0.98Fe0.02O3,134.0
Ba0.33Nd0.67Mn1O3,154.5
Ba0.33Pr0.67Mn0.95Fe0.05O3,128.0
Ba0.33Pr0.67Mn1O3,188.0
Ba0.3La0.65Eu0.05Mn1O3,297.0
Ba0.3La0.6Pr0.1Mn0.9Fe0.1O3,277.0
Ba0.3La0.6Pr0.1Mn1O3,215.0
Ba0.3La0.75Nd0.05Mn1O3,325.0
Ba0.3La0.7Mn1O3,336.0
Ba0.5La0.5Mn1O3,270.0
Ba0.5Nd0.5Mn1O3,80.0
Ba0.96Sr0.64La1.4Mn2O7,190.0
Ba1Eu1Co2O5.654,300.0
Ba1La1Co2O5.5,326.0
Ba1Y1Co2O5.5,300.0
BaLa2CuO5,5.0
BaLaMn2O6,335.0
BaLaMnMoO6,145.0
BaPr(CoO3)2,210.0
Ca0.1La0.7Mn1Pb0.33O3,310.0
Ca0.1Pr0.9Mn1O3,100.0
Ca0.23La0.77Mn1O3,220.0
Ca0.25Pr0.75Mn1O3,118.0
Ca0.27Pr0.73Mn1O3,127.0
Ca0.29Pr0.71Mn1O3,114.0
Ca0.2La0.8Mn1O3,230.0
Ca0.32Pr0.68Mn1O3,31.0
Ca0.33La0.33Nd0.33Mn1O3,90.0
Ca0.33La0.57Mn1O3,283.4
Ca0.33La0.603Gd0.067Mn1O3,182.0
Ca0.33La0.61Mn1O3,281.0
Ca0.33La0.62Mn1Bi0.05O3,248.0
Ca0.33La0.62Y0.05Mn1O3,210.0
Ca0.33La0.65Mn1O3,277.0
Ca0.33La0.67Mn0.75Cr0.25O3,191.0
Ca0.33La0.67Mn0.85V0.15O3,287.5
Ca0.33La0.67Mn0.8Fe0.2O3,92.0
Ca0.33La0.67Mn0.95Fe0.05O3,162.0
Ca0.33La0.67Mn0.98Ni0.02O3,244.0
Ca0.33La0.67Mn0.9Co0.1O3,170.0
Ca0.33La0.67Mn0.9Cr0.1O3,215.0
Ca0.33La0.67Mn0.9Ga0.1O3,116.0
Ca0.33La0.67Mn0.9V0.1O3,252.0
Ca0.33La0.67Mn1O3,260.0
Ca0.33La0.6Y0.07Mn1O3,260.0
Ca0.35La0.5Eu0.15Mn1O3,141.0
Ca0.35La0.65Mn1O3,270.0
Ca0.35La0.65Mn1Pb0.35O3,300.0
Ca0.35La0.65Ti0.1Mn0.9O3,103.0
Ca0.35La0.65Ti0.2Mn0.8O3,87.0
Ca0.375La0.35Pr0.275Mn1O3,215.0
Ca0.3La0.39Pr0.32Mn0.98O3,158.0
Ca0.3La0.65Nd0.05Mn0.9Cr0.1O3,220.0
Ca0.3La0.65Nd0.05Mn0.9Fe0.1O3,130.0
Ca0.3La0.65Nd0.05Mn1O3,250.0
Ca0.3La0.6Mn1Ag0.1O3,263.0
Ca0.3La0.6Nd0.1Mn1O3,233.0
Ca0.3La0.7Co1O3,170.0
Ca0.3La0.7Mn0.85Ni0.15O3,170.0
Ca0.3La0.7Mn0.93Fe0.07O3,112.0
Ca0.3La0.7Mn0.94Fe0.06O3,138.0
Ca0.3La0.7Mn0.95Cu0.05O3,197.3
Ca0.3La0.7Mn0.96Fe0.04O3,190.0
Ca0.3La0.7Mn0.9Cu0.1O3,197.3
Ca0.3La0.7Mn0.9Zn0.1O3,206.875
Ca0.3La0.7Mn1O3,251.0
Ca0.3La0.7Ti0.05Mn0.95O3,136.0
Ca0.3La0.7Ti0.1Mn0.9O3,90.0
Ca0.45La0.55Mn1O3,236.0
Ca0.4La0.6Mn1O3,265.0
Ca0.4Pr0.6Mn0.96Fe0.04O3,90.0
Ca0.5La0.5Mn1O3,225.0
Ca0.6La0.4Mn1O3,250.0
Ca0.7La0.3B6,600.0
Ca0.8La0.2B6,600.0
Ca0.99La0.01B6,600.0
Ca0.9La0.1B6,600.0
Ca0.9Pr0.1Mn1O3,110.0
Ca0.9Sm0.1Mn1O3,110.0
Ca1.4La1.6Mn2O7,166.0
Ca1.5La1.5Mn2O7,215.0
Ca1.6La1.2Ce0.2Mn2O7,109.0
Ca1.6La1.2Ho0.2Mn2O7,221.0
Ca1.6La1.2Nd0.2Mn2O7,74.0
Ca1.6La1.2Pr0.2Mn2O7,90.0
Ca1.6La1.2Sm0.2Mn2O7,86.5
Ca1.6La1.2Yb0.2Mn2O7,211.0
Ca1.6La1.4Mn2O7,270.0
Ca1.8La1.2Mn2O7,240.0
Ca2PrNbCr2O9,110.0
Ce0.0313Zn0.9687O1,300.0
Ce0.0417Zn0.9583O1,300.0
Ce0.04Nd0.96Mn1O3,60.0
Ce0.0625Zn0.9375O1,300.0
Ce0.3Nd0.7Mn1O3,65.0
Ce0.75Mn0.25O2,840.0
Ce0.92Mn0.08O2,330.0
Ce11In9Ni4,16.5
Ce11In9Ru4,6.3
Ce17Fe77B6,425.0
Ce17Hf0.75Fe76.25B6,426.0
Ce17Zr0.5Fe77.5B6,420.5
Ce1Al0.05Fe1.95,196.0
Ce1Fe10.5Mo1.5,386.0
Ce1Ga3.25Ag0.75,5.0
Ce1Ga3.35Ag0.65,3.0
Ce1Ge1.25Au0.75,6.0
Ce1In1Ni1H1.8,6.9
Ce23Cd4Ru7,3.6
Ce2Co7,50.0
Ce2Fe14B,428.075
Ce2Fe17,94.0
Ce2Ge3Ir,4.0
Ce2InPd2,4.0
Ce2SnPd2,4.2
Ce3Al11,4.7
Ce3Si11Pt23,0.44
Ce3Sn6Ru,3.0
Ce3Te4,5.0
Ce4Sb3,3.9
Ce5Cr9(Fe25B4)3,295.0
Ce5Gd51(Al6Co5)4,81.0
Ce7Rh3,6.8
CeAgGe,6.0
CeAgSb2,9.6
CeAl2BRu2,13.0
CeAl2GaPd2,1.8
CeAlSi,7.1
CeB2Rh3,115.0
CeCo5,737.0
CeCr8Fe79B12,325.0
CeCrGe3,66.0
CeCrSb3,115.0
CeCuSi,15.5
CeFe2,230.0
CeGe2,4.5
CeGeAu,10.0
CeNdTiFe11,593.0
CeNiSb2,6.0
CeNiSb3,6.0
CePRuO,15.0
CePd,6.5
CePd3S4,6.3
CeSi,6.1
CeTiFe11,487.0
CeTiGe3,14.0
Dy,90.0
Dy(BC)2,15.3
Dy(Fe2Ge)2,988.0
Dy(MnGe)2,40.0
Dy0.25Er0.75Al2,24.0
Dy0.33Ho0.33Er0.33Al2,33.0
Dy117Co58Sn111,30.0
Dy11Ho17(Al6Co5)2,17.0
Dy12Co7,64.0
Dy17Co83,1030.0
Dy2AlCo2,58.0
Dy2AlFeO6,7.8
Dy2CdS4,273.67
Dy2Fe14B,598.0
Dy2Ga3Fe14,557.0
Dy2In,130.0
Dy2Mn5Fe12,232.0
Dy33.3Ho33.3Co33.4,35.0
Dy3Al0.75Co3.25,100.0
Dy3Al2,94.0
Dy3Co,44.0
Dy3Co8Sn3,72.0
Dy3SiNi8,17.0
Dy5(In2Ni)2,105.0
Dy5CuPb3,45.0
Dy5Ge4,46.0
Dy5Ho9Al6Co5,23.0
Dy6FeBi2,134.0
Dy6MnBi2,370.0
Dy9Ho5Al6Co5,23.0
DyAl2,56.0
DyAlCo,37.0
DyAlFe,129.0
DyCo2,140.0
DyCo3B2,22.0
DyCoNi,68.0
DyCu4Au,8.0
DyFeSi,70.0
DyHoAl2,46.0
DyInNi,30.0
DyInPt,38.0
DyMgPt,29.0
DyN,21.0
DyNi2,21.0
DyNi2B2C,10.0
DyNi5,11.6
DySiNi2,16.5
DySiNi4,15.6
DySiPd2,9.0
DyZn,135.0
Er,20.0
Er(MnSi)2,5.5
Er13Co7,12.5
Er1Co1.8Ni0.2,13.0
Er2(Al3Co)3,5.0
Er2AlCo2,32.0
Er2CdCu2,36.0
Er2Fe14Si3,498.0
Er2Fe17,302.0
Er2GaCo2,25.5
Er2GaNi2,7.1
Er2GeRh3,21.0
Er2InCu2,35.7
Er2MgS4,290.0
Er2MgSe4,301.0
Er3AlCu,13.3
Er3CoNi,11.5
Er3Ni2,17.0
Er3Si11Pt23,3.4
Er4CdNi,5.9
Er4MgPd,21.5
Er4MgPt,15.0
Er55(Al3Cu2)9,11.0
Er5Si4,30.0
Er8Tm6Al5Co6,11.0
ErAl2,12.0
ErAl2Ni,5.1
ErAlAg,14.0
ErAlFe,55.0
ErCo2,34.0
ErCoNi,23.0
ErFeSi,22.0
ErGa,30.0
ErInNi,9.0
ErInPt,10.75
ErNi2,6.6
ErNi5,9.0
ErSiRu,8.0
ErZn,20.0
ErZn2,9.0
Eu(AlGe)2,27.5
Eu(AlSi)2,35.5
Eu(Cu2As)2,35.0
Eu(MgH3)2,27.2
Eu0.0625Zn0.9375O1,720.0
Eu14MnSb11,92.0
Eu1Al2.75Zn1.25,25.0
Eu1Cu3.8P2,32.0
Eu2Si5N8,24.0
Eu2SiN3,13.0
Eu3InO,210.0
Eu3S4,3.1
Eu4As3,18.0
Eu4Ga6Ge17,20.4
Eu4Ga6Si2Ge15,20.0
Eu4Ga7Ge16,27.0
Eu4Ga8Ge15,34.7
Eu4Ga8Si2Ge13,31.0
Eu4MnGa7Ge15,29.9
Eu8Ga15NiGe30,32.5
Eu8Mn(GaGe2)15,32.3
EuB6,15.0
EuCdAg,27.0
EuGeAu,33.0
EuIn2Pd,14.5
EuMg2,30.0
EuO,76.5
EuS,16.0
EuSi2(NO)2,4.5
EuSiO4,7.0
EuZnGa3,14.0
GY4Fe5IO12,560.0
Gd,294.0
Gd(Co2B)6,161.0
Gd(CoB)2,25.0
Gd(FeSi)2,8.6
Gd0.04Mn1Co0.96Ge1,300.5
Gd0.1Er0.9Ga1,20.6
Gd0.25Dy0.75Al2,89.0
Gd0.33Dy0.33Ho0.33Al2,84.0
Gd0.5Dy0.5Al2,122.0
Gd0.73Dy0.27,265.0
Gd0.75Dy0.25Al2,141.0
Gd0.8Er0.2Ga1,168.0
Gd1.5In1,160.0
Gd10Dy4Al6Co5,79.0
Gd10FeCo9,289.0
Gd11(Al2Co)3,96.0
Gd11(Al2Fe)3,158.0
Gd11(Al2Ni)3,70.0
Gd11(AlNi2)3,83.0
Gd117Co56.4Sn114.3,70.0
Gd11Al3ZnCo5,127.5
Gd11Al4Co4Ni,105.0
Gd11Al4Co5,110.0
Gd11Al4Fe5,230.0
Gd11Al4Ni5,80.0
Gd11Al5Co4,103.0
Gd11Al5Fe4,190.0
Gd11Cr8(Fe23B4)3,413.0
Gd11Fe2Co7,268.0
Gd12Al3Co5,125.0
Gd12Al5Co3,101.0
Gd12Co13,282.0
Gd12Co7,163.0
Gd13Al3Fe4,182.5
Gd13Mn5Ge2,229.0
Gd13Mn5Si2,234.0
Gd13Mn6Ge,212.0
Gd17Ni8,122.0
Gd1Cd0.8Ru0.2,73.0
Gd1Cd0.9Ru0.1,160.0
Gd1Co0.6Ni0.4,151.0
Gd1Fe0.32Ni1.68,309.0
Gd1Fe0.3Ni2.7,260.0
Gd23Fe73.64Co3.36,500.0
Gd24ZnCo25,263.0
Gd2Al,44.0
Gd2AlCo2,78.0
Gd2CdCu2,120.0
Gd2Co2Ge,143.0
Gd2Co7B3,343.0
Gd2Fe15Si2,562.0
Gd2Fe17,493.0
Gd2Ga3Co,50.0
Gd2GaCo2,76.0
Gd2GeRh3,64.0
Gd2InAu2,83.0
Gd2InCu2,94.0
Gd2MnCoO6,112.0
Gd2MnCuO6,7.5
Gd2MnNiO6,22.5
Gd2MnZnO6,6.4
Gd2Si3Ni,16.0
Gd3(AlNi3)2,104.5
Gd3(Co2Sn)4,102.5
Gd3(SiNi3)2,40.0
Gd30Al7Co13,79.0
Gd33Al54Co25,47.5
Gd33Er22(Al5Co4)5,52.0
Gd34(AlNi)33,38.0
Gd3Al2,265.25
Gd3AlCo,109.0
Gd3AlFe,202.0
Gd3Cr8Fe77B12,378.0
Gd3FeCo,210.0
Gd3Ni2,147.0
Gd3OsO7,34.0
Gd3Si11Pt23,42.0
Gd3Si2Ni,215.0
Gd3SiGe2,276.0
Gd3Y2,95.0
Gd3Y4Pd3,197.0
Gd46Al29Co19B6,81.7
Gd4Bi3,335.0
Gd4Co3,220.0
Gd4Sb3,260.0
Gd5(SiGe)2,276.0
Gd5(SiGe)4,295.0
Gd51Zr4Nb(Al6Co5)4,91.0
Gd52.5Al31Co16.5,78.75
Gd52.5Zr1Al28Co18.5,93.0
Gd53Al28Co19,62.5
Gd53Er22(Al5Co4)5,52.0
Gd53Zr3(Al6Co5)4,93.0
Gd55Al18Zn2Ni25,84.0
Gd55Al23(Co10Si)2,105.0
Gd55Al24Fe3Co17Si,117.0
Gd55Al24Fe5Co15Si,126.0
Gd55Al27(Co5Si)3,101.0
Gd55Al27.5Co17.5,95.0
Gd55Mn3(Al10Ni11)2,90.0
Gd56Zr2(Al9Ni5)3,70.0
Gd59.4Al19.8Fe1Co19.8,113.0
Gd5Al3Co2,86.0
Gd5BiIr2,119.0
Gd5Cr4Fe35B6,405.0
Gd5Cr8(Fe25B4)3,400.0
Gd5Fe0.06Si2Ge1.94,310.0
Gd5Fe0.1Si2Ge1.9,305.0
Gd5In0.05Si1.925Ge2.025,278.0
Gd5Ni0.71Bi2.29,162.0
Gd5Ni0.96Sb2.04,115.0
Gd5Sb3,226.0
Gd5Si0.15Ge3.85,40.0
Gd5Si1.3Ge2.7,180.0
Gd5Si1.72Ge2.28,242.0
Gd5Si4,336.0
Gd5Sn4,82.0
Gd5Y2Pd3,263.0
Gd6AlCo3,143.0
Gd6AlFe2Co,225.0
Gd6Co1.67Si3,294.0
Gd6Co2Si3,295.0
Gd6Co4.85,219.0
Gd6Mn23,478.5
Gd6YPd3,299.0
Gd71Co29,166.0
Gd7Dy50Al23Co20,26.0
Gd7Fe3,395.0
Gd7Pd3,334.0
Gd80Al8.7Fe11.3,237.5
Gd90Al4.3Fe5.7,250.0
Gd95Al2.2Fe2.8,232.0
Gd9Dy5Al6Co5,76.0
Gd9FeCo10,8.0
Gd9Y5Al6Co5,53.0
GdAl2,168.0
GdAlCo,100.0
GdAlCu,81.0
GdAlFe,265.0
GdAlNi,48.5
GdAlNi4,28.0
GdAlPd,46.0
GdBr2,310.0
GdCd,262.0
GdCdPd,62.0
GdCo,267.0
GdCo2,403.0
GdCo2B2C,17.2
GdCo3B2,54.0
GdCo9Si4,47.0
GdCr8Fe79B12,355.0
GdCrO4,23.15
GdCu,37.0
GdCu6,16.0
GdDyErAlCo,43.0
GdFe2,790.0
GdFe3,729.0
GdFeSi,135.0
GdGa,183.0
GdGa6,406.0
GdGaRh,58.0
GdHoErAlCo,39.0
GdHoErAlFe,55.0
GdInNi,93.5
GdInPd,96.0
GdInPt,89.0
GdMgAg,39.3
GdMgAl,59.0
GdMgPd,95.7
GdMgPt,97.6
GdMn2,108.0
GdN,59.0
GdNi,69.5
GdNi2,70.0
GdNi3,116.0
GdNi5,32.0
GdSiNi4,25.0
GdSiPd2,17.0
GdSiRh,100.0
GdTiCo11,1080.0
GdTiGe,374.0
GdTiO3,32.0
GdTiSi,294.0
GdZn,269.0
GdZr5Cr6(Fe39B5)2,340.0
Ho,19.5
Ho0.2Er0.8Ni1,6.0
Ho0.6Er0.4B4Rh4,1.9
Ho12Co7,30.0
Ho2Al,40.0
Ho2Fe17,330.0
Ho2Ga3Co,10.0
Ho2GaNi2,12.5
Ho2In,85.0
Ho2InAu2,21.0
Ho2InCu2,30.0
Ho2Mn2Fe15,302.0
Ho2MnCoO6,78.0
Ho2MnCrO6,6.1
Ho2MnZnO6,6.8
Ho3Al0.75Co3.25,65.0
Ho3Al2,40.0
Ho3Co,22.0
Ho3Pd2,9.6
Ho3Rh2,23.0
Ho4CdCo,22.0
Ho4MgPt,28.0
Ho57Al25Cu18,22.2
Ho5Pd2,28.0
Ho5Si4,76.0
Ho6FeBi2,54.0
Ho6GaCo2,26.0
Ho6In1.8Ni2.2,18.0
Ho6MnBi2,204.0
HoAl,20.0
HoAl2,30.0
HoAl2Ni,7.8
HoAlAg,18.0
HoAlCo,10.0
HoB2,15.0
HoCo2,78.0
HoCo3,418.0
HoCoC2,11.0
HoCoNi,42.0
HoCu2,10.5
HoCuSi,6.9
HoFe3,565.0
HoFeSi,29.0
HoGa,69.0
HoGaAg,7.2
HoInNi,20.0
HoInPd,23.0
HoInPt,23.5
HoN,18.0
HoNi2,13.0
HoNi2B2C,5.0
HoNi3,66.0
HoNi5,5.0
HoPd,10.0
HoSiPd2,3.5
HoZn,72.0
K0.05Ca0.45La0.5Mn1O3,296.4
K0.05La0.95Mn1O3,286.0
K0.05Na0.15La0.8Mn1O3,312.6
K0.05Sr0.2La0.75Mn0.95Ni0.05O3,305.0
K0.05Sr0.45Nd0.5Mn1O3,313.9
K0.05Sr0.45Pr0.5Mn1O3,292.0
K0.15La0.85Mn1O3,288.75
K0.196La0.796Mn0.993O3,344.0
K0.1Ba0.2La0.7Mn1O3,311.0
K0.1La0.8Mn1Ag0.1O3,310.0
K0.1La0.8Mn1Pb0.1O3,307.0
K0.1La0.9Mn1O3,287.4
K0.2La0.75Mn1.05O3,332.0
K0.2La0.78Mn1Cd0.02O3,326.0
K0.2La0.8Mn1O3,308.0
K0.2Pr0.8Mn1O3,155.815
K0.2Sr0.2Pr0.2Mn1O3,269.0
K0.85La2.15Mn2O7,247.0
La(CoAs)2,123.5
La(MnGe)2,340.0
La(MnSi)2,307.5
La0.05Fe1Bi0.95O3,1020.0
La0.1Mn0.1Fe0.9Bi0.9O3,890.0
La0.3Pr0.7Fe11.18Si1.82,197.0
La0.57Nd0.1Mn1Pb0.33O3,350.0
La0.57Nd0.1Ti0.1Mn0.9Pb0.33O3,321.24
La0.5Mn1Pb0.5O3,355.0
La0.67Mn0.7Co0.3Pb0.33O3,260.0
La0.67Mn0.85Co0.15Pb0.33O3,297.0
La0.67Mn0.92Co0.08Pb0.33O3,316.65
La0.67Mn1Pb0.33O3,360.0
La0.6Mn1Pb0.4O3,350.0
La0.72Dy0.08Mn1Pb0.2O3,248.0
La0.775Gd0.225Mn2Si2,26.0
La0.7Mn0.7Fe0.3Te0.3O3,110.0
La0.7Mn0.9Fe0.1Te0.3O3,180.0
La0.7Mn1.1Ag0.2O3,271.0
La0.7Mn1Ag0.3O3,270.0
La0.7Mn1Pb0.3O3,352.0
La0.833Mn1Ag0.167O3,278.0
La0.85Mn1Ag0.15O3,274.5
La0.8Mn1Ag0.1O2.92,287.0
La0.8Mn1Ag0.2O3,296.0
La0.8Mn1Cd0.2O3,155.0
La0.8Mn1Cd0.33O3,155.0
La0.8Mn1O3,283.5
La0.8Mn1Pb0.2O3,242.5
La0.8Sm0.2Mn2Si2,7.5
La0.95Gd0.05Fe11.4Si1.6,215.0
La0.9Mn1O3,254.0
La0.9Mn1Pb0.1O3,162.0
La0.9Mn1Te0.1O3,239.0
La1.07Fe11Si2,238.0
La1.6Mn1Ni1Bi0.4O6,255.0
La1.7Fe11.6Si1.4,173.5
La1.7Fe11Co0.8Si1.2,810.25
La1.7Mn1Co1Bi0.3O6,205.0
La1Al2Fe11C0.5,291.0
La1Fe10.488Co0.912Si1.6,317.0
La1Fe10.4Si2.6,243.0
La1Fe10.716Co0.684Si1.6,280.0
La1Fe10.7Co0.8Si1.4,285.0
La1Fe10.7Co0.8Si1.5,285.0
La1Fe10.85Co0.75Si1.4,281.0
La1Fe10.8Co0.8Si1.4,282.5
La1Fe10.944Co0.456Si1.6,253.0
La1Fe10.948Co0.952Si1.1,301.0
La1Fe10.9Co0.7Si1.4,276.0
La1Fe11.186Co0.714Si1.1,274.0
La1Fe11.18Si1.82,200.0
La1Fe11.1Co0.5Si1.4,250.0
La1Fe11.1Co0.8Si1.1,282.0
La1Fe11.2Co0.7Si1.1,274.0
La1Fe11.3Co0.3Si1.4,226.0
La1Fe11.424Co0.476Si1.1,243.0
La1Fe11.44Si1.56,195.0
La1Fe11.4Si1.4Ni0.2,199.0
La1Fe11.4Si1.6,207.0
La1Fe11.57Si1.43,199.5
La1Fe11.5Co0.1Si1.4,207.0
La1Fe11.5Si1.5,194.0
La1Fe11.5Si1.5C0.2,242.4
La1Fe11.5Si1.5C0.4,244.4
La1Fe11.5Si1.5C0.6,265.3
La1Fe11.5Si1.5H1.5,320.0
La1Fe11.6Si1.4,202.0
La1Fe11.7Co0.2Si1.3H1.7,320.0
La1Fe11.7Si1.3,192.0
La1Fe11.7Si1.3B0.03,197.0
La1Fe11.7Si1.3B0.06,194.0
La1Fe11.7Si1.3B0.1,196.0
La1Fe11.7Si1.3B0.2,199.0
La1Fe11.7Si1.3B0.3,201.0
La1Fe11.7Si1.3B0.5,201.0
La1Fe11.7Si1.3N1.3,233.0
La1Fe11Co0.8Si1.2,290.0
La1Fe11Co0.9Si1.1,294.0
La1Mn0.1Fe11.5Si1.4,202.0
La1Mn0.2Fe11.4Si1.4,202.0
La1Mn0.5Co0.5O3,187.5
La1Mn0.5Cr0.5O3,125.0
La1Mn0.5Fe0.5O3,380.0
La1Mn1.5Ni0.5Bi1O6,75.0
La1Mn1.8Fe0.2Ge2,310.0
La1Mn1O3.14,141.0
La1Ti0.15Mn1.85O3,121.0
La1Ti0.1Mn0.9O3,145.3
La2CoPtO6,50.0
La2CuIrO6,54.0
La2Fe14B,530.15
La2MnCoO6,220.0
La2MnCuO6,50.0
La2MnIrO6,130.0
La2MnNiO6,280.0
La3Ni2SbO9,105.0
La5.5Nb4Fe62.7Si8.8B19,500.0
La5Cr4Fe35B6,335.0
La5MnRe3O16,162.0
La6Co13Sn,190.0
LaCo13,1290.0
LaCo5,840.0
LaCo5H4,300.0
LaCrSb3,127.5
LaFe12O19,670.0
LaFe2Cu3(ReO6)2,710.0
LaMn5(NiO6)2,34.0
LaMnGe,420.0
LaZrCl2,121.0
Li0.025La0.958Ti0.1Mn0.9O3,90.0
Li8La18Fe5O39,8.0
Lu(Fe2Ge)2,643.0
Lu2C0.125O2.875,455.0
Lu2Fe17,588.0
Lu2MnNiO6,40.0
Lu2NiIrO6,225.0
Lu3Co7.77Sn4,63.0
LuMn4(CuO4)3,398.0
Na0.05La0.8Mn1O3,260.0
Na0.05Sr0.25La0.7Mn1O3,363.65
Na0.05Sr0.25La0.7Ti0.1Mn0.9O3,155.0
Na0.05Sr0.4Pr0.55Mn1O3,289.0
Na0.15La0.85Mn1O3,333.0
Na0.1La0.8Mn1Ag0.1O3,320.0
Na0.1La0.8Mn1Pb0.1O3,247.0
Na0.25La0.7Mn1Pb0.05O3,334.54
Na0.2Ca0.3La0.5Mn1O3,279.0
Na0.2La0.8Mn0.094Bi0.06O3,310.0
Na0.2La0.8Mn0.97Bi0.03O3,288.5
Na0.2La0.8Mn1O3,330.0
Na0.2Sr0.3Pr0.5Mn1O3,299.0
NaLaFeOsO6,793.0
NaLaFeReO6,517.0
NaLaFeRuO6,541.0
Nd(Al10Cr)2,1.7
Nd(Al10V)2,1.8
Nd(CoB)2,27.0
Nd(Fe2B)6,230.0
Nd(FeP3)4,1.6
Nd(FeSb3)4,16.5
Nd(MnGe)2,214.285714285714
Nd(MnGe)6,417.0
Nd(P3Ru)4,2.0
Nd(Sb3Ru)4,1.2
Nd0.6Mn1Pb0.4O3,156.0
Nd0.7Mn1Pb0.3O3,148.0
Nd0.85Mn1Pb0.15O3,109.0
Nd1Mn2Si1.6Ge0.4,36.0
Nd1Ti1Fe7Co3N1.3,873.15
Nd20Ni42As31,28.0
Nd2Al2Fe15,500.0
Nd2CdPd2,23.7
Nd2Co14B,1007.0
Nd2Co7,600.0
Nd2Cr2.3Fe11.76Co2.94,554.0
Nd2Cr2.7Fe10.01Co4.29,601.0
Nd2Cr2Fe20B,340.0
Nd2Cr3.3Fe6.85Co6.85,619.0
Nd2Cr3.7Fe5.32Co7.98,607.0
Nd2Cr3Fe8.4Co5.6,614.0
Nd2Cr4.3Fe2.54Co10.16,524.0
Nd2Cr4.7Fe1.23Co11.07,436.0
Nd2Cr4Fe3.9Co9.1,577.0
Nd2Fe1.7Co15.3,1160.0
Nd2Fe11.9Co5.1,820.0
Nd2Fe14B,585.65
Nd2Fe15.3Co1.7,550.0
Nd2Fe16.5Si0.5,366.0
Nd2Fe17,330.0
Nd2Fe17C,454.0
Nd2Fe17C3,672.0
Nd2Fe17H1.1,410.0
Nd2Fe17H3.2,509.0
Nd2Fe17H4.8,525.0
Nd2Fe17N2.5,744.0
Nd2Fe17N3,750.0
Nd2Fe23B3,655.0
Nd2Fe5.1Co11.9,1090.0
Nd2Fe8.5Co8.5,980.0
Nd2MnNiO6,191.95499999999998
Nd2V1.4Fe12.6B1,415.15
Nd37Al5Fe58,500.0
Nd3OsO7,75.0
Nd3Te4,38.0
Nd4Co3,202.0
Nd5(FeB3)2,70.0
Nd5Fe17,503.0
Nd5Ge3,52.5
Nd5SiGe2,58.0
Nd6Co2Si3,84.5
Nd7Al7Co6,15.5
Nd7Ni3,14.0
Nd7Pd3,33.0
NdCo2,100.0
NdCo5,910.0
NdCo9Si4,1060.0
NdCu5,15.0
NdFeB,585.0
NdGaRh,9.0
NdInNi,14.5
NdNi5,7.6
NdSiNi4,10.6
NdTiFe11,561.575
NdTiFe11N,740.15
NdYTiFe11,595.0
NdZn14O16,273.0
NdZn15O16,273.0
NdZn7O8,273.0
Pr(CoB)2,16.0
Pr(GeRu)2,18.0
Pr0.5Mn1Pb0.5O3,253.0
Pr0.6Mn1Pb0.4O3,254.0
Pr0.77Mn1Pb0.33O3,167.0
Pr0.8Mn1Pb0.2O3,175.0
Pr0.9Mn1Pb0.1O3,150.0
Pr1.5Nd0.5Fe17,302.0
Pr1.67Sm0.36Fe17,299.0
Pr12Al2FeCu3Ni2,300.0
Pr1Cu1.2Ni3.8,3.6
Pr2Al0.25Fe16.75,299.0
Pr2CrFeO6,562.0
Pr2Fe14B,565.15
Pr2Fe17,288.5
Pr2InNi2,7.5
Pr2InPt2,9.5
Pr2MnCoO6,170.0
Pr2MnFe16,294.0
Pr2MnFeO6,200.0
Pr2MnNiO6,213.0
Pr3RuO7,50.0
Pr3Si4,102.5
Pr3Si5,11.5
Pr3Tl,11.0
Pr5AgSn3,33.5
Pr6Co2Si3,50.0
Pr7Pd3,15.0
PrAg,6.9
PrAl2,33.5
PrCo3,350.0
PrCu6,2.7
PrFeCo2,580.0
PrFeSi2,26.0
PrGa3Pd2,10.9
PrMg2,10.0
PrNi,20.0
PrNi5,7.2
PrNiGe2,15.0
PrRh2,7.9
PrRu2,34.0
PrSi,52.5
PrSi2,11.5
PrSnRh,2.95
Sc2C0.125O2.875,590.0
ScFe2,545.0
ScSn31O32,6.0
Sm(Fe5Co)2,885.0
Sm(FeP3)4,1.6
Sm(FeSb3)4,45.0
Sm(MnSn)6,405.0
Sm0.8Zr0.2Ti0.5Fe8.625Co2.875,880.0
Sm117Co55.6Sn116,86.0
Sm20Ni42As31,10.0
Sm2Co7,670.0
Sm2Fe17,413.0
Sm2Fe17N3,743.0
Sm2MnCoO6,133.0
Sm2TiFe7,653.0
Sm3OsO7,48.0
Sm3Si11Pt23,10.1
Sm3Zr8Fe85B4,332.0
Sm4As3,155.0
Sm4Bi3,2.7
Sm4Sb3,155.0
Sm8Fe75Co7Mo10,568.0
SmAl2,120.0
SmAl3Cu,35.0
SmAlFe10Co,665.0
SmAlFe9Co2,764.0
SmCo5,1140.0
SmCrGe3,155.0
SmFe12,554.0
SmFe2Co3,1357.0
SmFe5,890.0
SmFeCo4,1080.0
SmGdFe17,553.0
SmGeRu,45.0
SmInPt,25.0
SmN,30.0
SmNi2,21.0
SmNi5,15.0
SmTiFe11,575.575
Sr0.05Ca0.25La0.7Mn1O3,275.0
Sr0.05Ca1.55La1.3Eu0.1Mn2O7,215.0
Sr0.105Ca0.245Pr0.65Mn1O3,220.0
Sr0.125La0.875Mn1O3,186.0
Sr0.13La0.87Mn1O3,197.0
Sr0.14Ca0.21Pr0.65Mn1O3,210.0
Sr0.155La0.845Mn0.9Cu0.1O3,265.0
Sr0.15Ca0.15La0.6Mn0.9Cu0.1Bi0.1O3,235.0
Sr0.15Ca0.15La0.6Nd0.1Mn0.9Fe0.1O3,298.0
Sr0.15Ca0.15Nd0.7Mn1O3,123.0
Sr0.15Ca0.35La0.5Mn1O3,273.0
Sr0.15La0.85Mn1O3,320.0
Sr0.16La0.84Mn1O3,244.0
Sr0.17Ca0.08La0.75Mn0.9Ga0.1O3,232.4
Sr0.17La0.83Mn1O3,267.5
Sr0.18La0.57Nd0.1Mn1O3,315.0
Sr0.18La0.82Mn1O3,316.0
Sr0.1Ca0.2La0.7Mn0.95Cr0.05O3,280.0
Sr0.1Ca0.2La0.7Mn0.9Cr0.1O3,255.0
Sr0.1Ca0.2La0.7Mn1O3,308.0
Sr0.1La0.85Eu0.05Mn1O3,121.0
Sr0.1La0.9Mn1O3,185.0
Sr0.21Nd0.79Mn1O3,132.0
Sr0.23La0.57Nd0.1Mn1O3,339.0
Sr0.23La0.77Mn0.8Cu0.2O3,293.0
Sr0.23La0.77Mn0.9Cu0.1O3,325.0
Sr0.23La0.77Mn1O3,300.0
Sr0.25Ca0.05La0.7Mn1O3,341.0
Sr0.25La0.75Mn1O3,340.0
Sr0.25La0.7Mn1O3,328.0
Sr0.25Pr0.75Mn1O3,220.0
Sr0.27La0.73Mn1O3,340.0
Sr0.28La0.57Nd0.1Mn1O3,349.58
Sr0.28Nd0.72Mn1O3,145.0
Sr0.2Ca0.1La0.6Mn0.9Cu0.1Bi0.1O3,275.0
Sr0.2Ca0.1La0.7Mn1O3,326.0
Sr0.2Ca0.1Pr0.7Mn1O3,205.5
Sr0.2Ca0.2La0.6Mn1O3,340.635
Sr0.2La0.62Nd0.18Mn1O3,300.0
Sr0.2La0.6Pr0.2Mn1O3,244.0
Sr0.2La0.725Eu0.075Mn1O3,271.0
Sr0.2La0.75Dy0.05Mn1O3,225.0
Sr0.2La0.75Eu0.05Mn1O3,305.0
Sr0.2La0.75Gd0.05Mn1O3,275.0
Sr0.2La0.75Ho0.05Mn1O3,310.0
Sr0.2La0.75Mn1Bi0.05O3,300.0
Sr0.2La0.75Sm0.05Mn1O3,310.0
Sr0.2La0.7Nd0.1Mn0.85Ni0.15O3,220.0
Sr0.2La0.7Nd0.1Mn0.95Ni0.05O3,280.0
Sr0.2La0.7Nd0.1Mn0.9Ni0.1O3,238.0
Sr0.2La0.7Sm0.1Mn1O3,303.0
Sr0.2La0.8Co1O3,182.0
Sr0.2La0.8Mn0.95Ni0.05O3,297.0
Sr0.2La0.8Mn1O3,315.74
Sr0.2Pr0.6Mn1O3,276.0
Sr0.2Pr0.8Mn1O3,160.0
Sr0.33Ce0.67Mn1O3,43.0
Sr0.33La0.2211Sm0.4489Mn1O3,205.0
Sr0.33La0.57Nd0.1Mn0.95Sn0.05O3,281.0
Sr0.33La0.57Nd0.1Mn0.9Sn0.1O3,223.0
Sr0.33La0.57Nd0.1Mn1O3,349.0
Sr0.33La0.603Gd0.067Mn1O3,323.5
Sr0.33La0.67Co1O3,223.0
Sr0.33La0.67Mn0.67Ni0.33O3,255.0
Sr0.33La0.67Mn0.9Cr0.01O3,328.0
Sr0.33La0.67Mn0.9Cr0.1O3,328.0
Sr0.33La0.67Mn0.9Fe0.1O3,266.0
Sr0.33La0.67Mn0.9Ni0.1O3,290.0
Sr0.33La0.67Mn0.9V0.1O3,301.0
Sr0.33La0.67Mn1O3,369.0
Sr0.33Nd0.67Mn1O3,244.75
Sr0.35La0.45Pr0.2Mn1O3,348.0
Sr0.35La0.55Pr0.1Mn1O3,353.0
Sr0.35La0.65Mn1O3,341.0
Sr0.37Nd0.63Mn1O3,300.0
Sr0.37Pr0.63Mn1O3,305.0
Sr0.3Ca0.1La0.6Mn0.975Fe0.025O3,312.0
Sr0.3Ca0.1Pr0.6Mn0.925Fe0.075O3,115.0
Sr0.3Ca0.1Pr0.6Mn0.975Fe0.025O3,244.7
Sr0.3Ca0.1Pr0.6Mn1O3,270.0
Sr0.3Eu0.7Mn1O3,80.0
Sr0.3La0.14Nd0.56Mn1O3,268.0
Sr0.3La0.1Nd0.6Mn1O3,249.32
Sr0.3La0.4Eu0.3Mn1O3,272.0
Sr0.3La0.4Pr0.3Mn1O3,295.5
Sr0.3La0.4Sm0.3Mn1O3,256.0
Sr0.3La0.56Eu0.14Mn1O3,306.0
Sr0.3La0.57Nd0.33Mn1O3,349.0
Sr0.3La0.5Eu0.2Mn1O3,281.0
Sr0.3La0.5Gd0.2Mn1O3,270.4
Sr0.3La0.65Ce0.05Mn0.9Cu0.1O3,305.0
Sr0.3La0.65Dy0.05Mn1O3,265.0
Sr0.3La0.65Eu0.05Mn0.85Cr0.15O3,278.0
Sr0.3La0.65Eu0.05Mn0.95Cr0.05O3,338.0
Sr0.3La0.665Eu0.035Mn1O3,357.0
Sr0.3La0.67Dy0.03Mn1O3,264.0
Sr0.3La0.69Dy0.01Mn1O3,315.0
Sr0.3La0.6Dy0.1Mn1O3,307.0
Sr0.3La0.6Eu0.1Mn1O3,343.0
Sr0.3La0.6Pr0.1Mn0.85Ru0.15O3,344.0
Sr0.3La0.6Pr0.1Mn0.9Fe0.1O3,205.0
Sr0.3La0.6Pr0.1Mn1O3,343.0
Sr0.3La0.7Co1O3,235.0
Sr0.3La0.7Mn0.093Fe0.07O3,296.0
Sr0.3La0.7Mn0.1Co0.1O3,281.0
Sr0.3La0.7Mn0.6Cr0.4O3,242.0
Sr0.3La0.7Mn0.85Nb0.15O3,123.0
Sr0.3La0.7Mn0.8Cr0.2O3,286.0
Sr0.3La0.7Mn0.8Fe0.2O3,103.5
Sr0.3La0.7Mn0.92Co0.08O3,297.0
Sr0.3La0.7Mn0.93Fe0.07O3,296.0
Sr0.3La0.7Mn0.94Co0.06O3,310.0
Sr0.3La0.7Mn0.95Al0.05O3,334.0
Sr0.3La0.7Mn0.95Cu0.05O3,350.0
Sr0.3La0.7Mn0.95Cu0.1O3,350.0
Sr0.3La0.7Mn0.95Fe0.05O3,343.0
Sr0.3La0.7Mn0.97Ni0.03O3,342.7
Sr0.3La0.7Mn0.98Ni0.02O3,352.6
Sr0.3La0.7Mn0.99Ni0.01O3,357.3
Sr0.3La0.7Mn0.9Al0.1O3,310.0
Sr0.3La0.7Mn0.9Co0.1O3,260.0
Sr0.3La0.7Mn0.9Cr0.1O3,320.5
Sr0.3La0.7Mn0.9Cu0.1O3,350.0
Sr0.3La0.7Mn0.9Fe0.1O3,260.0
Sr0.3La0.7Mn0.9Sn0.1O3,228.0
Sr0.3La0.7Mn1O3,365.0
Sr0.3La0.7Ti0.05Mn0.95O3,308.0
Sr0.3La0.7Ti0.1Mn0.9O3,210.0
Sr0.3La0.7Ti0.2Mn0.8O3,243.17000000000002
Sr0.3Li0.2Pr0.5Mn1O3,290.0
Sr0.3Nd0.651Y0.049Mn1O3,175.0
Sr0.3Nd0.7Mn1O3,240.0
Sr0.3Pr0.53Mn1O3,286.0
Sr0.3Pr0.5Mn1Ag0.2O3,305.0
Sr0.3Pr0.63Mn1Bi0.07O3,242.6
Sr0.3Pr0.63Sm0.07Mn1O3,210.7
Sr0.3Pr0.7Co1O3,158.0
Sr0.3Pr0.7Mn1O3,260.0
Sr0.3Sm0.7Mn1O3,106.5
Sr0.42Sm0.58Mn1O3,135.0
Sr0.44Sm0.56Mn1O3,134.0
Sr0.45Nd0.55Mn1O3,260.0
Sr0.45Nd0.5Mn1O3,273.0
Sr0.45Pr0.2Sm0.35Mn1O3,182.52
Sr0.45Pr0.3Sm0.25Mn1O3,225.42
Sr0.45Pr0.55Mn1O3,291.0
Sr0.45Pr0.65Mn1O3,301.0
Sr0.45Sm0.55Mn1O3,165.0
Sr0.48Nd0.156Sm0.364Mn1O3,176.0
Sr0.48Pr0.52Mn1O3,274.0
Sr0.48Sm0.52Mn1O3,117.0
Sr0.4La0.45Co1Bi0.15O3,190.0
Sr0.4La0.6Co1O3,233.5
Sr0.4La0.6Mn0.8Cr0.1Fe0.1O3,212.34
Sr0.4La0.6Mn1O3,365.0
Sr0.4Nd0.6Mn1O3,324.0
Sr0.4Pr0.4Eu0.2Mn1O3,238.0
Sr0.4Pr0.5Dy0.1Mn1O3,248.0
Sr0.4Pr0.5Eu0.1Mn1O3,270.0
Sr0.4Pr0.5Gd0.1Mn1O3,258.0
Sr0.4Pr0.6Co1O3,204.0
Sr0.4Pr0.6Mn0.9Fe0.1O3,123.0
Sr0.4Pr0.6Mn1O3,310.0
Sr0.4Sm0.6Mn1O3,118.0
Sr0.55La0.45Mn1O3,200.0
Sr0.5Ce0.4Pr0.1Mn1O3,250.0
Sr0.5Eu0.5Co1O3,154.0
Sr0.5Gd0.5Mn1O3,110.0
Sr0.5La0.5Co1O3,250.0
Sr0.5La0.5Mn1O3,310.0
Sr0.5Nd0.0625Sm0.4375Mn1O3,120.0
Sr0.5Nd0.5Mn0.9Cu0.1O3,260.0
Sr0.5Nd0.5Mn1O3,239.0
Sr0.5Pr0.5Co1O3,218.0
Sr0.5Pr0.5Mn1O3,255.5
Sr0.6Pr0.4Co1O3,212.0
Sr1.25Gd0.75Co1O4,62.0
Sr1.4Nd0.6Fe1Mo1O6,440.0
Sr1.66La1.34Mn2O7,126.0
Sr1.6La1.4Mn2O7,120.0
Sr1.6Nd0.4Fe1Mo1O6,443.0
Sr1.85Nd0.15Fe1Mo1O6,428.0
Sr1.8La1.2Mn2O7,126.0
Sr2GdCu2RuO8,133.0
Sr2LaCr2SbO9,150.0
Sr3Y1Co4O10.5,335.0
Tb,220.0
Tb(MnGe)6,450.0
Tb0.1Ho0.9Co2,97.0
Tb0.2Gd0.2Dy0.2Ho0.2Er0.2Ni1,63.0
Tb0.2Nd0.8Fe1.9,593.0
Tb0.33Ho0.33Er0.33Al2,45.0
Tb0.4Gd0.6,215.0
Tb0.4Gd0.6Al2,139.0
Tb0.5Dy0.5,135.0
Tb0.8Er0.2Co2,200.0
Tb117Co59Sn111,38.0
Tb11Al5Co4,105.0
Tb12Co7,100.0
Tb1Fe0.15Ni2.85,156.0
Tb1Fe0.1Co1.9,303.0
Tb1Mn0.1Co2,284.0
Tb1Mn0.2Co2,320.0
Tb2Al3Co,47.0
Tb2AlCo2,98.0
Tb2In,107.5
Tb2MnNiO6,113.0
Tb3(AlNi3)2,57.15
Tb3(Co2Sn)4,91.0
Tb3Co2.2Si1.8,132.0
Tb3CoGe2,110.0
Tb3Fe24.7Si4.3,500.0
Tb3NiGe2,135.0
Tb4CrGa12,22.0
Tb4Gd8Co7,140.8
Tb5(In2Ni)2,125.0
Tb5(SiGe)2,100.0
Tb5Si2.2Ge1.8,111.0
Tb5Si4,225.0
Tb6Fe23,586.15
Tb6FeBi2,256.0
Tb6FeSb2,246.0
Tb8Gd4Co7,118.9
Tb9Er5Al6Co5,27.0
Tb9Gd5Al6Co5,62.0
Tb9Ho5Al6Co5,30.0
Tb9Pr5Al6Co5,38.0
Tb9Sm5Al6Co5,58.0
Tb9Y5Al6Co5,42.0
TbAl2,106.5
TbAlCo,70.0
TbAlFe,196.0
TbAlNi,47.0
TbAlPd,43.0
TbCo2,230.5
TbCo3B2,30.0
TbCoC2,28.0
TbCuSi,47.0
TbFe2,703.0
TbFe3,648.0
TbGa6,397.0
TbGdDyAlFe,112.0
TbGdDyHoEr,186.0
TbInNi,70.5
TbMgPt,58.0
TbMnNi2,140.0
TbMnO3,27.0
TbN,39.4
TbNi,52.0
TbNi2,37.0
TbNi5,24.5
TbSiNi4,37.0
TbZn,204.0
Tm(MnSi)2,5.5
Tm2CdCu2,15.0
Tm2CdS4,221.04
Tm2GaCo2,11.5
Tm2InCu2,39.4
Tm3Co,6.0
Tm3CoNi,6.7
Tm4CdCo,4.5
Tm4MgPd,6.0
Tm4MgPt,4.5
Tm57Al18Cu25,6.3
Tm57Al25Cu18,4.9
TmAl2,6.0
TmAlCu,4.0
TmCo5,1020.0
TmCuSi,7.4
TmFe2,550.0
TmTe,8.35
TmZn,8.2
Y(Co2B)6,150.0
Y(Fe2Ge)2,963.0
Y0.03Mn0.97Co1Ge1,296.0
Y13Ho15(Al6Co5)2,5.5
Y2C0.125O2.875,405.0
Y2Co7,640.0
Y2Fe17,324.0
Y2MnCoO6,75.925
Y2MnCrO6,74.5
Y2MnNiO6,81.0
Y3(Co2Sn)4,61.5
Y3Fe5O12,552.5
Y3Nb2Cr(Fe3B)11,365.0
Y3Nb2Cr2Fe32B11,336.0
Y3Nb2Cr3Fe31B11,285.0
Y6Er50Al7Co20,52.0
Y6Mn23,500.0
YCo3B2,150.0
YCo5,980.0
YCo9Si4,25.0
YFe3,569.0
YMn29(Ga2Ni5)10,350.0
YTiFe11,540.0
YZrCl2,53.0
Yb(Ni2P)2,0.17
Yb4MnSb11,53.0
YbBO3,469.4
YbCrO4,25.0
YbInNi4,3.0
YbNi2,10.5
YbNi5,0.55
YbNiSn,5.65
YbRh,1.2
ZrScCl2,33.0
